{
  "p_svi": [
    0.032679246095049755,
    0.03330629916277505,
    0.5797732169422308
  ],
  "p_adam": [
    0.057863711008924214,
    0.06280096534389333,
    0.7571004969307946
  ],
  "svi_at_svi": -613.928527513101,
  "adam_at_svi": -613.928527513101,
  "svi_at_adam": -614.5162669670786,
  "adam_at_adam": -614.5162669670786,
  "delta_at_svi": 0.0,
  "delta_at_adam": 0.0
}