{
  "n_val": 500,
  "models": {
    "svi_bw": {
      "lam": 0.032679246095049755,
      "mu": 0.03330629916277505,
      "ext": 0.5797732169422308,
      "val_ll_total": -299846.057921742,
      "val_ll_per_pair": -599.692115843484
    },
    "adam_tkf92_cold": {
      "lam": 0.057863711008924214,
      "mu": 0.06280096534389333,
      "ext": 0.7571004969307946,
      "val_ll_total": -300124.87255228113,
      "val_ll_per_pair": -600.2497451045623
    },
    "adam_tkf92_warmstart": {
      "lam": 0.051302835377174116,
      "mu": 0.05250390640746298,
      "ext": 0.7078381638417016,
      "val_ll_total": -299835.05768778565,
      "val_ll_per_pair": -599.6701153755713
    },
    "adam_ggi_cold": {
      "segment": "lower",
      "lam0": 0.026141772520222737,
      "mu0": 0.027068352975563086,
      "x": 0.2634798362476631,
      "y": 0.27849717057302914,
      "rho": 0.9657688646155586,
      "val_ll_total": -301238.1814902858,
      "val_ll_per_pair": -602.4763629805716
    },
    "adam_ggi_warmstart_upper": {
      "segment": "upper",
      "lam0": 0.016997242043243623,
      "mu0": 0.017100747901009572,
      "x": 0.5801576666366055,
      "y": 0.5702992644085734,
      "rho": 0.9939472905883936,
      "val_ll_total": -300775.98627876857,
      "val_ll_per_pair": -601.5519725575372
    },
    "aligned_pfam_tkf92_K1": {
      "mode": "aligned_cherryml",
      "lam": 0.02969172,
      "mu": 0.03027204,
      "ext": 0.6509773,
      "val_ll_per_pair": -599.7444106613358,
      "source": "pfam/tkf92_K1_train.npz",
      "note": "Alignment-given fit; evaluated on the canonical 500-pair val (TKF92 joint LL via 2D F-B).",
      "val_ll_total": -299872.2053306679
    }
  }
}