{
  "bin_edges": [
    0.0,
    0.3,
    0.7,
    1.3,
    2.0,
    5.0
  ],
  "bin_counts": [
    117548,
    401116,
    388326,
    193746,
    36998
  ],
  "models": {
    "svi_bw_2dfb": {
      "kind": "tkf92",
      "params": {
        "lam": 0.03268,
        "mu": 0.03331,
        "ext": 0.5798
      },
      "per_bin_ll_total": [
        -1.0900000000000005e+32,
        -5371553.563090902,
        -10930390.210066536,
        -9193273.032111537,
        -2291583.595965358
      ],
      "per_bin_n": [
        117548,
        401116,
        388326,
        193746,
        36998
      ],
      "per_bin_ll_per_pair": [
        -9.272807704086846e+26,
        -13.391521562567691,
        -28.14745911957102,
        -47.45013074908146,
        -61.938039784998054
      ],
      "total_ll": -1.0900000000000005e+32,
      "total_n": 1137734,
      "total_ll_per_pair": -9.580446747658069e+25
    },
    "adam_tkf92_cold_seed0": {
      "kind": "tkf92",
      "params": {
        "lam": 0.05786,
        "mu": 0.0628,
        "ext": 0.7534
      },
      "per_bin_ll_total": [
        -1.0900000000000005e+32,
        -6094551.212944611,
        -11550625.530970749,
        -9364892.68105687,
        -2297637.224412338
      ],
      "per_bin_n": [
        117548,
        401116,
        388326,
        193746,
        36998
      ],
      "per_bin_ll_per_pair": [
        -9.272807704086846e+26,
        -15.19398680916396,
        -29.74466178152055,
        -48.33592786977213,
        -62.1016602089934
      ],
      "total_ll": -1.0900000000000005e+32,
      "total_n": 1137734,
      "total_ll_per_pair": -9.580446747658069e+25
    },
    "aligned_K1_cherryml": {
      "kind": "tkf92",
      "params": {
        "lam": 0.02969,
        "mu": 0.03027,
        "ext": 0.651
      },
      "per_bin_ll_total": [
        -1.0900000000000005e+32,
        -5256135.352538416,
        -10831192.086169269,
        -9116622.93378121,
        -2257046.071457486
      ],
      "per_bin_n": [
        117548,
        401116,
        388326,
        193746,
        36998
      ],
      "per_bin_ll_per_pair": [
        -9.272807704086846e+26,
        -13.10377883838694,
        -27.892008482999515,
        -47.05450917067299,
        -61.00454271737624
      ],
      "total_ll": -1.0900000000000005e+32,
      "total_n": 1137734,
      "total_ll_per_pair": -9.580446747658069e+25
    },
    "adam_ggi_noswap_s0": {
      "kind": "ggi",
      "params": {
        "lam0": 0.013475031325561293,
        "mu0": 0.01383004440613559,
        "x": 0.7040950191677033,
        "y": 0.6901728557512595
      },
      "per_bin_ll_total": [
        -1.0900000000000005e+32,
        -5358288.589378794,
        -10838988.739595762,
        -9028069.825560655,
        -2242590.2474627704
      ],
      "per_bin_n": [
        117548,
        401116,
        388326,
        193746,
        36998
      ],
      "per_bin_ll_per_pair": [
        -9.272807704086846e+26,
        -13.358451394057564,
        -27.91208608127131,
        -46.59745143414912,
        -60.61382365162361
      ],
      "total_ll": -1.0900000000000005e+32,
      "total_n": 1137734,
      "total_ll_per_pair": -9.580446747658069e+25
    },
    "adam_ggi_native_l2400": {
      "kind": "ggi",
      "params": {
        "lam0": 0.012571971942851892,
        "mu0": 0.01261739030644058,
        "x": 0.773590395999016,
        "y": 0.7724315548936176
      },
      "per_bin_ll_total": [
        -1.0900000000000005e+32,
        -4966293.368744575,
        -10490300.27905824,
        -8817840.942764906,
        -2185456.8219313757
      ],
      "per_bin_n": [
        117548,
        401116,
        388326,
        193746,
        36998
      ],
      "per_bin_ll_per_pair": [
        -9.272807704086846e+26,
        -12.381189902034762,
        -27.01415892589793,
        -45.51237673430629,
        -59.06959354374225
      ],
      "total_ll": -1.0900000000000005e+32,
      "total_n": 1137734,
      "total_ll_per_pair": -9.580446747658069e+25
    }
  }
}