{
  "bin_edges": [
    0.0,
    0.3,
    0.7,
    1.3,
    2.0,
    5.0
  ],
  "bin_counts": [
    100702,
    343626,
    334794,
    165994,
    30278
  ],
  "models": {
    "svi_bw_2dfb": {
      "kind": "tkf92",
      "params": {
        "lam": 0.03268,
        "mu": 0.03331,
        "ext": 0.5798
      },
      "per_bin_ll_total": [
        -5.800000000000002e+31,
        -3253113.5585505255,
        -6853561.6468469,
        -5734492.996144413,
        -1308130.5487191267
      ],
      "per_bin_n": [
        100702,
        343626,
        334794,
        165994,
        30278
      ],
      "per_bin_ll_per_pair": [
        -5.759567833806679e+26,
        -9.46701809103655,
        -20.470981101354564,
        -34.54638719558787,
        -43.20399460727679
      ],
      "total_ll": -5.800000000000002e+31,
      "total_n": 975394,
      "total_ll_per_pair": -5.946315027568349e+25
    },
    "adam_tkf92_cold_seed0": {
      "kind": "tkf92",
      "params": {
        "lam": 0.05786,
        "mu": 0.0628,
        "ext": 0.7534
      },
      "per_bin_ll_total": [
        -5.800000000000002e+31,
        -3743138.740607471,
        -7336818.854202103,
        -5947742.151689374,
        -1342338.1035534006
      ],
      "per_bin_n": [
        100702,
        343626,
        334794,
        165994,
        30278
      ],
      "per_bin_ll_per_pair": [
        -5.759567833806679e+26,
        -10.89306030570292,
        -21.914427541121118,
        -35.83106709693949,
        -44.33377711716099
      ],
      "total_ll": -5.800000000000002e+31,
      "total_n": 975394,
      "total_ll_per_pair": -5.946315027568349e+25
    },
    "aligned_K1_cherryml": {
      "kind": "tkf92",
      "params": {
        "lam": 0.02969,
        "mu": 0.03027,
        "ext": 0.651
      },
      "per_bin_ll_total": [
        -5.800000000000002e+31,
        -3187209.9779399806,
        -6813218.617928253,
        -5716307.863831229,
        -1295650.006014361
      ],
      "per_bin_n": [
        100702,
        343626,
        334794,
        165994,
        30278
      ],
      "per_bin_ll_per_pair": [
        -5.759567833806679e+26,
        -9.275229400394558,
        -20.35048005020476,
        -34.436834246004246,
        -42.791796222153415
      ],
      "total_ll": -5.800000000000002e+31,
      "total_n": 975394,
      "total_ll_per_pair": -5.946315027568349e+25
    },
    "adam_ggi_noswap_s0": {
      "kind": "ggi",
      "params": {
        "lam0": 0.0135,
        "mu0": 0.0138,
        "x": 0.7041,
        "y": 0.6902
      },
      "per_bin_ll_total": [
        -5.800000000000002e+31,
        -3217174.727700695,
        -6795506.782673246,
        -5659361.740070434,
        -1290276.18000841
      ],
      "per_bin_n": [
        100702,
        343626,
        334794,
        165994,
        30278
      ],
      "per_bin_ll_per_pair": [
        -5.759567833806679e+26,
        -9.362431037525376,
        -20.297576368373527,
        -34.09377290787881,
        -42.614313363115464
      ],
      "total_ll": -5.800000000000002e+31,
      "total_n": 975394,
      "total_ll_per_pair": -5.946315027568349e+25
    },
    "adam_ggi_native_l2400": {
      "kind": "ggi",
      "params": {
        "lam0": 0.0126,
        "mu0": 0.0126,
        "x": 0.7736,
        "y": 0.7724
      },
      "per_bin_ll_total": [
        -4.199999999999999e+31,
        -2989717.9125980707,
        -6606812.077468228,
        -5562562.684845383,
        -1266925.5754595462
      ],
      "per_bin_n": [
        100702,
        343626,
        334794,
        165994,
        30278
      ],
      "per_bin_ll_per_pair": [
        -4.170721534825523e+26,
        -8.700499707816261,
        -19.733962010873036,
        -33.51062499153815,
        -41.84310639604816
      ],
      "total_ll": -4.199999999999999e+31,
      "total_n": 975394,
      "total_ll_per_pair": -4.305952261342595e+25
    }
  }
}