{
  "bin_edges": [
    0.0,
    0.3,
    0.7,
    1.3,
    2.0,
    3.0,
    5.0,
    8.0,
    10.0
  ],
  "bin_counts": [
    1027,
    4429,
    6973,
    4999,
    2613,
    840,
    11,
    0
  ],
  "models": {
    "svi_bw_2dfb": {
      "kind": "tkf92",
      "params": {
        "lam": 0.03268,
        "mu": 0.03331,
        "ext": 0.5798
      },
      "per_bin_ll_total": [
        -2e+30,
        -95594.46613135662,
        -211504.67744669892,
        -206749.63085349422,
        -132520.38185278795,
        -46619.63031797464,
        -2362.0179443295915,
        0.0
      ],
      "per_bin_n": [
        1027,
        4429,
        6973,
        4999,
        2613,
        840,
        11,
        0
      ],
      "per_bin_ll_per_pair": [
        -1.9474196689386562e+27,
        -21.58375844013471,
        -30.331948579764653,
        -41.3581978102609,
        -50.7157986424753,
        -55.49955990235076,
        -214.72890402996288,
        0.0
      ],
      "total_ll": -2e+30,
      "total_n": 20892,
      "total_ll_per_pair": -9.573042312847023e+25
    },
    "adam_tkf92_cold_seed0": {
      "kind": "tkf92",
      "params": {
        "lam": 0.05786,
        "mu": 0.0628,
        "ext": 0.7534
      },
      "per_bin_ll_total": [
        -2e+30,
        -99240.8863530208,
        -217209.79267959594,
        -209274.02167506516,
        -133383.78749787918,
        -46926.3231034087,
        -2259.3313860821745,
        0.0
      ],
      "per_bin_n": [
        1027,
        4429,
        6973,
        4999,
        2613,
        840,
        11,
        0
      ],
      "per_bin_ll_per_pair": [
        -1.9474196689386562e+27,
        -22.407063976748884,
        -31.15012084893101,
        -41.86317697040711,
        -51.04622560194381,
        -55.86467036120084,
        -205.39376237110676,
        0.0
      ],
      "total_ll": -2e+30,
      "total_n": 20892,
      "total_ll_per_pair": -9.573042312847023e+25
    },
    "aligned_K1_cherryml": {
      "kind": "tkf92",
      "params": {
        "lam": 0.02969,
        "mu": 0.03027,
        "ext": 0.651
      },
      "per_bin_ll_total": [
        -2e+30,
        -94739.92676760374,
        -209005.16454509724,
        -203090.76902775693,
        -129011.68730797445,
        -44735.66249221474,
        -2204.465450572735,
        0.0
      ],
      "per_bin_n": [
        1027,
        4429,
        6973,
        4999,
        2613,
        840,
        11,
        0
      ],
      "per_bin_ll_per_pair": [
        -1.9474196689386562e+27,
        -21.390816610432093,
        -29.97349269254227,
        -40.62627906136366,
        -49.37301466053366,
        -53.2567410621604,
        -200.4059500520668,
        0.0
      ],
      "total_ll": -2e+30,
      "total_n": 20892,
      "total_ll_per_pair": -9.573042312847023e+25
    },
    "adam_ggi_noswap_cherry": {
      "kind": "ggi",
      "params": {
        "lam0": 0.013475031325561293,
        "mu0": 0.01383004440613559,
        "x": 0.7040950191677033,
        "y": 0.6901728557512595
      },
      "per_bin_ll_total": [
        -2e+30,
        -94703.36216485438,
        -209856.06033007923,
        -204510.5679981031,
        -131564.61213321355,
        -46995.80172962371,
        -2381.6542553514482,
        0.0
      ],
      "per_bin_n": [
        1027,
        4429,
        6973,
        4999,
        2613,
        840,
        11,
        0
      ],
      "per_bin_ll_per_pair": [
        -1.9474196689386562e+27,
        -21.38256088617168,
        -30.095519909662876,
        -40.91029565875237,
        -50.35002377849734,
        -55.94738301145679,
        -216.514023213768,
        0.0
      ],
      "total_ll": -2e+30,
      "total_n": 20892,
      "total_ll_per_pair": -9.573042312847023e+25
    },
    "adam_ggi_native_cherry": {
      "kind": "ggi",
      "params": {
        "lam0": 0.012571971942851892,
        "mu0": 0.01261739030644058,
        "x": 0.773590395999016,
        "y": 0.7724315548936176
      },
      "per_bin_ll_total": [
        -2e+30,
        -99783.65124364058,
        -217894.27254661667,
        -209305.35056247693,
        -133270.26336030665,
        -47292.70847504259,
        -2274.8692263369635,
        0.0
      ],
      "per_bin_n": [
        1027,
        4429,
        6973,
        4999,
        2613,
        840,
        11,
        0
      ],
      "per_bin_ll_per_pair": [
        -1.9474196689386562e+27,
        -22.52961193128033,
        -31.24828230985468,
        -41.86944400129565,
        -51.002779701609896,
        -56.30084342266975,
        -206.80629330336032,
        0.0
      ],
      "total_ll": -2e+30,
      "total_n": 20892,
      "total_ll_per_pair": -9.573042312847023e+25
    },
    "adam_ggi_noswap_medium": {
      "kind": "ggi",
      "params": {
        "lam0": 0.008068792184203453,
        "mu0": 0.00826453663835043,
        "x": 0.671033895572306,
        "y": 0.6545877839212902
      },
      "per_bin_ll_total": [
        -2e+30,
        -95289.06006231502,
        -209872.6416907389,
        -203821.8794307938,
        -129180.3819784208,
        -44577.41374320237,
        -2242.462847825926,
        0.0
      ],
      "per_bin_n": [
        1027,
        4429,
        6973,
        4999,
        2613,
        840,
        11,
        0
      ],
      "per_bin_ll_per_pair": [
        -1.9474196689386562e+27,
        -21.51480245254347,
        -30.097897847517412,
        -40.77253039223721,
        -49.43757442725634,
        -53.068349694288536,
        -203.860258893266,
        0.0
      ],
      "total_ll": -2e+30,
      "total_n": 20892,
      "total_ll_per_pair": -9.573042312847023e+25
    },
    "adam_ggi_native_medium": {
      "kind": "ggi",
      "params": {
        "lam0": 0.0068271280902496645,
        "mu0": 0.006851397771907375,
        "x": 0.753705599521756,
        "y": 0.7524017133000055
      },
      "per_bin_ll_total": [
        -2e+30,
        -100396.966610128,
        -218193.7646463114,
        -208737.19916764984,
        -130732.67096833362,
        -44691.765714998146,
        -2111.40679826773,
        0.0
      ],
      "per_bin_n": [
        1027,
        4429,
        6973,
        4999,
        2613,
        840,
        11,
        0
      ],
      "per_bin_ll_per_pair": [
        -1.9474196689386562e+27,
        -22.668089096890494,
        -31.29123256077892,
        -41.75579099172831,
        -50.03163833460912,
        -53.204482994045414,
        -191.94607256979364,
        0.0
      ],
      "total_ll": -2e+30,
      "total_n": 20892,
      "total_ll_per_pair": -9.573042312847023e+25
    }
  }
}