{
  "n_train": 20000,
  "n_val": 500,
  "seed": 42,
  "max_len": 600,
  "max_aln_len": 256,
  "n_pfam_t_pool": 975500,
  "t_train_stats": {
    "mean": 4.3390051175,
    "median": 3.838115,
    "min": -0.0,
    "max": 19.84125
  },
  "t_val_stats": {
    "mean": 4.39499604,
    "median": 3.7689975000000002,
    "min": 0.7764749999999999,
    "max": 13.21079
  },
  "tkf92_gen": {
    "lam": 0.058,
    "mu": 0.06,
    "ext": 0.75
  },
  "ggi_gen": {
    "lam0": 0.01393,
    "mu0": 0.014,
    "x": 0.81,
    "y": 0.8087501144385686,
    "segment": "upper",
    "rho": 0.995,
    "rho_GGI": 0.988497323514869,
    "mean_anc_len_GGI_prior": 85.9362883753753
  },
  "tkf92_train_lengths": {
    "mean_anc": 117.8074,
    "mean_des": 117.57085,
    "max_anc": 600,
    "max_des": 600
  },
  "ggi_train_lengths": {
    "mean_anc": 87.48545,
    "mean_des": 89.3434,
    "max_anc": 600,
    "max_des": 597
  }
}