{
  "n_fams": 10,
  "oracle_total_count": 24461.0,
  "rows": [
    {
      "n_iter": 30,
      "bias_l1": 1065.7987241910537,
      "rel_l1": 0.04357134721356665,
      "I_to_I_bp": 174.89447678233105,
      "I_to_I_oracle": 4.0,
      "D_to_D_bp": 102.92402868438998,
      "D_to_D_oracle": 10.0,
      "D_to_E_bp": 36.589861850911774,
      "D_to_E_oracle": 3.0
    },
    {
      "n_iter": 100,
      "bias_l1": 832.875400926938,
      "rel_l1": 0.0340491149555185,
      "I_to_I_bp": 184.72476823991175,
      "I_to_I_oracle": 4.0,
      "D_to_D_bp": 35.27128672881387,
      "D_to_D_oracle": 10.0,
      "D_to_E_bp": 13.395767415896287,
      "D_to_E_oracle": 3.0
    },
    {
      "n_iter": 300,
      "bias_l1": 1018.0104184289033,
      "rel_l1": 0.04161769422463936,
      "I_to_I_bp": 189.1214347697172,
      "I_to_I_oracle": 4.0,
      "D_to_D_bp": 22.78772620977242,
      "D_to_D_oracle": 10.0,
      "D_to_E_bp": 11.310431752417747,
      "D_to_E_oracle": 3.0
    },
    {
      "n_iter": 1000,
      "bias_l1": 1030.0017258547336,
      "rel_l1": 0.04210791569660822,
      "I_to_I_bp": 189.51105940488162,
      "I_to_I_oracle": 4.0,
      "D_to_D_bp": 22.24275447666046,
      "D_to_D_oracle": 10.0,
      "D_to_E_bp": 11.08435017328102,
      "D_to_E_oracle": 3.0
    }
  ]
}