{
  "simulation": {
    "ins_truth": 0.04,
    "del_truth": 0.05,
    "ext_truth": 0.0,
    "L": 240,
    "n_fams": 30,
    "mean_n_cols": 273.3,
    "tree": "6-leaf caterpillar, branches 0.3"
  },
  "fitch_plus_bdi": {
    "ins": 0.05081422870347077,
    "del": 0.05102903503593477,
    "ext": 1.3879443156740552e-05,
    "ratio_to_truth_ins": 1.2703557175867692,
    "ratio_to_truth_del": 1.0205807007186953
  },
  "dollo_plus_bdi": {
    "ins": 0.10343831202887153,
    "del": 0.1039012820673982,
    "ext": 1.4469267276305128e-05,
    "ratio_to_truth_ins": 2.5859578007217885,
    "ratio_to_truth_del": 2.078025641347964
  },
  "oracle_plus_bdi": {
    "ins": 0.051423964930142216,
    "del": 0.05164037298542318,
    "ext": 1.3814635224556895e-05,
    "ratio_to_truth_ins": 1.2855991232535553,
    "ratio_to_truth_del": 1.0328074597084635
  },
  "variational_em_fixed_point_for_reference": {
    "ins": 0.114,
    "del": 0.116,
    "ext": 0.054,
    "ratio_to_truth_ins": 2.85,
    "ratio_to_truth_del": 2.32
  },
  "fitch_total_n_trans": [
    [
      0.0,
      296.0,
      1.0,
      3.0,
      0.0
    ],
    [
      0.0,
      68515.0,
      541.0,
      825.0,
      7.0
    ],
    [
      0.0,
      249.0,
      773.0,
      0.0,
      293.0
    ],
    [
      0.0,
      828.0,
      0.0,
      16.0,
      0.0
    ],
    [
      0.0,
      0.0,
      0.0,
      0.0,
      0.0
    ]
  ],
  "dollo_total_n_trans": [
    [
      0.0,
      289.0,
      11.0,
      0.0,
      0.0
    ],
    [
      0.0,
      61816.0,
      3121.0,
      0.0,
      7.0
    ],
    [
      0.0,
      2839.0,
      1034.0,
      0.0,
      293.0
    ],
    [
      0.0,
      0.0,
      0.0,
      0.0,
      0.0
    ],
    [
      0.0,
      0.0,
      0.0,
      0.0,
      0.0
    ]
  ],
  "oracle_total_n_trans": [
    [
      0.0,
      291.0,
      3.0,
      6.0,
      0.0
    ],
    [
      0.0,
      67789.0,
      1044.0,
      1078.0,
      279.0
    ],
    [
      0.0,
      1022.0,
      14.0,
      18.0,
      17.0
    ],
    [
      0.0,
      1088.0,
      10.0,
      22.0,
      4.0
    ],
    [
      0.0,
      0.0,
      0.0,
      0.0,
      0.0
    ]
  ],
  "labels": [
    "S",
    "M",
    "I",
    "D",
    "E"
  ]
}