{
  "experiment_A": [
    {
      "L": 20,
      "mean_n_cols": 25.0,
      "oracle": [
        [
          0.0,
          290.0,
          4.0,
          6.0,
          0.0
        ],
        [
          0.0,
          5801.0,
          114.0,
          75.0,
          279.0
        ],
        [
          0.0,
          101.0,
          3.0,
          1.0,
          16.0
        ],
        [
          0.0,
          77.0,
          0.0,
          1.0,
          5.0
        ],
        [
          0.0,
          0.0,
          0.0,
          0.0,
          0.0
        ]
      ],
      "bp": [
        [
          0.0,
          289.26732123031286,
          4.745648737425793,
          5.987030032261262,
          1.5951612292198767e-33
        ],
        [
          0.0,
          5754.557618906884,
          161.10851958771045,
          118.31927165358327,
          186.92817306166182
        ],
        [
          0.0,
          96.51301267916165,
          21.900697908022966,
          12.214217519950516,
          60.261328549110274
        ],
        [
          0.0,
          80.57563039347941,
          3.1343904230867694,
          14.954054135266146,
          52.81049838922918
        ],
        [
          0.0,
          0.0,
          0.0,
          0.0,
          0.0
        ]
      ],
      "bias_total_abs": 377.7711013865829,
      "bias_signed": [
        [
          0.0,
          -0.7326787696871406,
          0.7456487374257934,
          -0.012969967738738042,
          1.5951612292198767e-33
        ],
        [
          0.0,
          -46.44238109311573,
          47.10851958771045,
          43.31927165358327,
          -92.07182693833818
        ],
        [
          0.0,
          -4.486987320838352,
          18.900697908022966,
          11.214217519950516,
          44.261328549110274
        ],
        [
          0.0,
          3.5756303934794147,
          3.1343904230867694,
          13.954054135266146,
          47.81049838922918
        ],
        [
          0.0,
          0.0,
          0.0,
          0.0,
          0.0
        ]
      ],
      "oracle_total_count": 6773.0
    },
    {
      "L": 60,
      "mean_n_cols": 69.56666666666666,
      "oracle": [
        [
          0.0,
          287.0,
          8.0,
          5.0,
          0.0
        ],
        [
          0.0,
          16683.0,
          293.0,
          278.0,
          272.0
        ],
        [
          0.0,
          277.0,
          4.0,
          3.0,
          22.0
        ],
        [
          0.0,
          279.0,
          1.0,
          4.0,
          6.0
        ],
        [
          0.0,
          0.0,
          0.0,
          0.0,
          0.0
        ]
      ],
      "bp": [
        [
          0.0,
          290.2203400978415,
          4.858182836432716,
          4.921477065725667,
          4.588397310014456e-91
        ],
        [
          0.0,
          16481.628250335143,
          412.55275325517056,
          337.8559799130102,
          127.5410604449944
        ],
        [
          0.0,
          287.3704812129719,
          90.6477051768944,
          43.14762718529078,
          95.41291819243865
        ],
        [
          0.0,
          300.35897230237197,
          8.520090499095511,
          61.5710050007896,
          77.04602136256025
        ],
        [
          0.0,
          0.0,
          0.0,
          0.0,
          0.0
        ]
      ],
      "bias_total_abs": 899.7549235161393,
      "bias_signed": [
        [
          0.0,
          3.220340097841472,
          -3.141817163567284,
          -0.07852293427433299,
          4.588397310014456e-91
        ],
        [
          0.0,
          -201.3717496648569,
          119.55275325517056,
          59.855979913010174,
          -144.4589395550056
        ],
        [
          0.0,
          10.370481212971924,
          86.6477051768944,
          40.14762718529078,
          73.41291819243865
        ],
        [
          0.0,
          21.358972302371967,
          7.520090499095511,
          57.5710050007896,
          71.04602136256025
        ],
        [
          0.0,
          0.0,
          0.0,
          0.0,
          0.0
        ]
      ],
      "oracle_total_count": 18422.0
    },
    {
      "L": 120,
      "mean_n_cols": 139.23333333333332,
      "oracle": [
        [
          0.0,
          288.0,
          4.0,
          8.0,
          0.0
        ],
        [
          0.0,
          34159.0,
          555.0,
          530.0,
          280.0
        ],
        [
          0.0,
          535.0,
          11.0,
          10.0,
          17.0
        ],
        [
          0.0,
          542.0,
          3.0,
          8.0,
          3.0
        ],
        [
          0.0,
          0.0,
          0.0,
          0.0,
          0.0
        ]
      ],
      "bp": [
        [
          0.0,
          287.15810161184277,
          4.808012915573788,
          8.033885472583192,
          7.500926330583438e-189
        ],
        [
          0.0,
          33696.05469302203,
          749.3112085572087,
          589.4086974945287,
          102.84486376407796
        ],
        [
          0.0,
          597.1002502929189,
          261.4078462381988,
          67.8144582500366,
          103.14858608998277
        ],
        [
          0.0,
          557.3064179110647,
          13.944073160146864,
          156.82979244887014,
          94.00655014594328
        ],
        [
          0.0,
          0.0,
          0.0,
          0.0,
          0.0
        ]
      ],
      "bias_total_abs": 1618.0621205791058,
      "bias_signed": [
        [
          0.0,
          -0.8418983881572331,
          0.8080129155737881,
          0.033885472583191856,
          7.500926330583438e-189
        ],
        [
          0.0,
          -462.9453069779702,
          194.31120855720872,
          59.408697494528724,
          -177.15513623592204
        ],
        [
          0.0,
          62.10025029291887,
          250.40784623819877,
          57.814458250036594,
          86.14858608998277
        ],
        [
          0.0,
          15.306417911064727,
          10.944073160146864,
          148.82979244887014,
          91.00655014594328
        ],
        [
          0.0,
          0.0,
          0.0,
          0.0,
          0.0
        ]
      ],
      "oracle_total_count": 36953.0
    },
    {
      "L": 240,
      "mean_n_cols": 273.3,
      "oracle": [
        [
          0.0,
          291.0,
          3.0,
          6.0,
          0.0
        ],
        [
          0.0,
          67789.0,
          1044.0,
          1078.0,
          279.0
        ],
        [
          0.0,
          1022.0,
          14.0,
          18.0,
          17.0
        ],
        [
          0.0,
          1088.0,
          10.0,
          22.0,
          4.0
        ],
        [
          0.0,
          0.0,
          0.0,
          0.0,
          0.0
        ]
      ],
      "bp": [
        [
          0.0,
          291.14629151672375,
          4.7414144666446125,
          4.112294016631735,
          0.0
        ],
        [
          0.0,
          66827.93174195198,
          1375.74131946814,
          1129.907553669831,
          85.22763375729802
        ],
        [
          0.0,
          1205.6585782471648,
          543.7337427084321,
          104.05672196587717,
          101.11109725945491
        ],
        [
          0.0,
          1094.0716371313436,
          30.343663537733434,
          402.74357157378813,
          113.66126898324015
        ],
        [
          0.0,
          0.0,
          0.0,
          0.0,
          0.0
        ]
      ],
      "bias_total_abs": 2942.6451908024646,