{
  "n_fams": 50,
  "root_length_mean": 60,
  "tree": "6-leaf caterpillar at branch_length=0.3",
  "true_ins": 0.04,
  "true_del": 0.05,
  "ext_grid": [
    0.0,
    0.3,
    0.6
  ],
  "labels": [
    "S",
    "M",
    "I",
    "D",
    "E"
  ],
  "oracle": {
    "0.00": [
      [
        0.0,
        483.0,
        7.0,
        10.0,
        0.0
      ],
      [
        0.0,
        27344.0,
        438.0,
        419.0,
        458.0
      ],
      [
        0.0,
        409.0,
        5.0,
        3.0,
        34.0
      ],
      [
        0.0,
        423.0,
        1.0,
        9.0,
        8.0
      ],
      [
        0.0,
        0.0,
        0.0,
        0.0,
        0.0
      ]
    ],
    "0.30": [
      [
        0.0,
        475.0,
        13.0,
        12.0,
        0.0
      ],
      [
        0.0,
        28682.0,
        336.0,
        262.0,
        467.0
      ],
      [
        0.0,
        315.0,
        232.0,
        3.0,
        32.0
      ],
      [
        0.0,
        275.0,
        1.0,
        154.0,
        1.0
      ],
      [
        0.0,
        0.0,
        0.0,
        0.0,
        0.0
      ]
    ],
    "0.60": [
      [
        0.0,
        486.0,
        9.0,
        5.0,
        0.0
      ],
      [
        0.0,
        29047.0,
        166.0,
        162.0,
        464.0
      ],
      [
        0.0,
        144.0,
        439.0,
        3.0,
        28.0
      ],
      [
        0.0,
        162.0,
        0.0,
        375.0,
        8.0
      ],
      [
        0.0,
        0.0,
        0.0,
        0.0,
        0.0
      ]
    ]
  },
  "bp": {
    "0.00": [
      [
        0.0,
        483.9000423608552,
        8.146598050685482,
        7.953359588459128,
        2.767643805986817e-85
      ],
      [
        0.0,
        26934.477675817136,
        661.8086974610561,
        500.98654965991534,
        222.10828337753088
      ],
      [
        0.0,
        461.582347789559,
        145.7801802150583,
        53.1511676045984,
        168.0362391133219
      ],
      [
        0.0,
        439.4211403480959,
        12.814458995738617,
        67.4832263795605,
        109.85547750914581
      ],
      [
        0.0,
        0.0,
        0.0,
        0.0,
        0.0
      ]
    ],
    "0.30": [
      [
        0.0,
        481.4253635981214,
        7.100907844395625,
        11.473728557483092,
        5.152320367740882e-84
      ],
      [
        0.0,
        28754.91938402461,
        493.05089067863037,
        409.66462970182204,
        261.98202040886906
      ],
      [
        0.0,
        367.83799822795584,
        153.03908503514091,
        34.33458734044632,
        103.5179861232454
      ],
      [
        0.0,
        315.4341789632577,
        5.538773168619319,
        538.4462959259413,
        134.4999934678845
      ],
      [
        0.0,
        0.0,
        0.0,
        0.0,
        0.0
      ]
    ],
    "0.60": [
      [
        0.0,
        476.8551758939973,
        17.878186670248986,
        5.266637435753426,
        1.8057546490908776e-66
      ],
      [
        0.0,
        26831.13772074694,
        680.1101525588631,
        301.4128468356497,
        308.53407121201565
      ],
      [
        0.0,
        631.1202176778238,
        2110.0208474507226,
        13.057474212207826,
        56.7893011970653
      ],
      [
        0.0,
        182.08167703470463,
        2.9786538579841237,
        1210.9986277453781,
        134.6766275909235
      ],
      [
        0.0,
        0.0,
        0.0,
        0.0,
        0.0
      ]
    ]
  }
}