{
  "cells": [
    {
      "label": "grid_lam0.015_ext0.55",
      "truth": {
        "lam": 0.015,
        "mu": 0.015306122448979591,
        "ext": 0.55,
        "t_scale": 1.0,
        "ggi": {
          "lam0": 0.006749999999999999,
          "mu0": 0.006887755102040816,
          "x": 0.5717106781186548,
          "y": 0.5120552027991183,
          "rho": 0.98
        }
      },
      "n_pairs_kept": 4909,
      "n_dropped": 91,
      "at_truth": {
        "ll_tkf_per_pair": -15.376407683750823,
        "ll_ggi_per_pair": -15.37574167899744,
        "delta_ggi_minus_tkf": 0.0006660047533841862
      },
      "fit_tkf92": {
        "lam": 0.014458274547811206,
        "mu": 0.014738524181456224,
        "ext": 0.5347971847451644,
        "ll_per_pair": -15.374836680905998
      },
      "fit_ggi": {
        "lam0": 0.006726353811464998,
        "mu0": 0.006857285190954901,
        "x": 0.5698558439781303,
        "y": 0.5104148561587056,
        "rho": 0.9809062368205703,
        "ll_per_pair": -15.374783175802875
      },
      "delta_fit_ggi_minus_tkf": 5.3505103123185904e-05,
      "wall_seconds": 485.1395151615143
    },
    {
      "label": "grid_lam0.015_ext0.62",
      "truth": {
        "lam": 0.015,
        "mu": 0.015306122448979591,
        "ext": 0.62,
        "t_scale": 1.0,
        "ggi": {
          "lam0": 0.0057,
          "mu0": 0.005816326530612245,
          "x": 0.62,
          "y": 0.5979379228628721,
          "rho": 0.98
        }
      },
      "n_pairs_kept": 4913,
      "n_dropped": 87,
      "at_truth": {
        "ll_tkf_per_pair": -15.382235235199403,
        "ll_ggi_per_pair": -15.375849367952705,
        "delta_ggi_minus_tkf": 0.00638586724669743
      },
      "fit_tkf92": {
        "lam": 0.01406436980222907,
        "mu": 0.014341865799579911,
        "ext": 0.5892995392546593,
        "ll_per_pair": -15.374920564606498
      },
      "fit_ggi": {
        "lam0": 0.005777189065292599,
        "mu0": 0.0058917505947766674,
        "x": 0.6086441501299825,
        "y": 0.5841434556438312,
        "rho": 0.9805556043757804,
        "ll_per_pair": -15.37472615178994
      },
      "delta_fit_ggi_minus_tkf": 0.00019441281655829812,
      "wall_seconds": 281.0451729297638
    },
    {
      "label": "grid_lam0.015_ext0.7",
      "truth": {
        "lam": 0.015,
        "mu": 0.015306122448979591,
        "ext": 0.7,
        "t_scale": 1.0,
        "ggi": {
          "lam0": 0.0045000000000000005,
          "mu0": 0.004591836734693878,
          "x": 0.7,
          "y": 0.6889822365046135,
          "rho": 0.98
        }
      },
      "n_pairs_kept": 4888,
      "n_dropped": 112,
      "at_truth": {
        "ll_tkf_per_pair": -16.296682508231054,
        "ll_ggi_per_pair": -16.29301494008076,
        "delta_ggi_minus_tkf": 0.0036675681502948976
      },
      "fit_tkf92": {
        "lam": 0.014357369848515395,
        "mu": 0.014646278105591926,
        "ext": 0.6826329884585484,
        "ll_per_pair": -16.292822413517747
      },
      "fit_ggi": {
        "lam0": 0.004557188178568942,
        "mu0": 0.004649387544280157,
        "x": 0.6949627321482648,
        "y": 0.6836343436546833,
        "rho": 0.9801695675326867,
        "ll_per_pair": -16.29263557255371
      },
      "delta_fit_ggi_minus_tkf": 0.00018684096403731587,
      "wall_seconds": 281.2626721858978
    },
    {
      "label": "grid_lam0.025_ext0.55",
      "truth": {
        "lam": 0.025,
        "mu": 0.025510204081632654,
        "ext": 0.55,
        "t_scale": 1.0,
        "ggi": {
          "lam0": 0.01125,
          "mu0": 0.011479591836734693,
          "x": 0.5717106781186548,
          "y": 0.5120552027991183,
          "rho": 0.98
        }
      },
      "n_pairs_kept": 4896,
      "n_dropped": 104,
      "at_truth": {
        "ll_tkf_per_pair": -19.34647143146673,
        "ll_ggi_per_pair": -19.341314172191677,
        "delta_ggi_minus_tkf": 0.005157259275051729
      },
      "fit_tkf92": {
        "lam": 0.02378424245188135,
        "mu": 0.02426203099364263,
        "ext": 0.5281496786420082,
        "ll_per_pair": -19.34168924471579
      },
      "fit_ggi": {
        "lam0": 0.011225824551600712,
        "mu0": 0.011452925351241343,
        "x": 0.5706094094067344,
        "y": 0.505384930292706,
        "rho": 0.9801709351387665,
        "ll_per_pair": -19.341205886979978
      },
      "delta_fit_ggi_minus_tkf": 0.0004833577358134278,
      "wall_seconds": 249.2179081439972
    },
    {
      "label": "grid_lam0.025_ext0.62",
      "truth": {
        "lam": 0.025,
        "mu": 0.025510204081632654,
        "ext": 0.62,
        "t_scale": 1.0,
        "ggi": {
          "lam0": 0.009500000000000001,
          "mu0": 0.009693877551020408,
          "x": 0.62,
          "y": 0.5979379228628721,
          "rho": 0.98
        }
      },
      "n_pairs_kept": 4892,
      "n_dropped": 108,
      "at_truth": {
        "ll_tkf_per_pair": -20.676896466055325,
        "ll_ggi_per_pair": -20.668908915554276,
        "delta_ggi_minus_tkf": 0.007987550501049157
      },
      "fit_tkf92": {
        "lam": 0.023499395136633686,
        "mu": 0.023962945599048383,
        "ext": 0.5945819755713425,
        "ll_per_pair": -20.669108972466766
      },
      "fit_ggi": {
        "lam0": 0.009529463023386975,
        "mu0": 0.00971887953584181,
        "x": 0.6176659190395462,
        "y": 0.5956620947431865,
        "rho": 0.9805104578407116,
        "ll_per_pair": -20.66863144169319
      },
      "delta_fit_ggi_minus_tkf": 0.0004775307735762624,
      "wall_seconds": 255.71918392181396
    },
    {
      "label": "grid_lam0.025_ext0.7",
      "truth": {
        "lam": 0.025,
        "mu": 0.025510204081632654,
        "ext": 0.7,
        "t_scale": 1.0,
        "ggi": {
          "lam0": 0.0075000000000000015,
          "mu0": 0.0076530612244897975,
          "x": 0.7,
          "y": 0.6889822365046135,
          "rho": 0.98
        }
      },
      "n_pairs_kept": 4886,
      "n_dropped": 114,
      "at_truth": {
        "ll_tkf_per_pair": -21.208473512805956,
        "ll_ggi_per_pair": -21.200589535926916,
        "delta_ggi_minus_tkf": 0.007883976879039523
      },
      "fit_tkf92": {
        "lam": 0.02404571914769974,
        "mu": 0.024549252897543814,
        "ext": 0.6826346597727201,
        "ll_per_pair": -21.200428745977067
      },
      "fit_ggi": {
        "lam0": 0.007634400929472659,
        "mu0": 0.007795889185561161,
        "x": 0.699980405757381,
        "y": 0.6885468858360669,
        "rho": 0.9792854602926377,
        "ll_per_pair": -21.199652808510162
      },
      "delta_fit_ggi_minus_tkf": 0.0007759374669049635,
      "wall_seconds": 254.4725260734558
    },
    {
      "label": "grid_lam0.04_ext0.55",
      "truth": {
        "lam": 0.04,
        "mu": 0.04081632653061225,
        "ext": 0.55,
        "t_scale": 1.0,
        "ggi": {
          "lam0": 0.018,
          "mu0": 0.01836734693877551,
          "x": 0.5717106781186548,
          "y": 0.5120552027991183,
          "rho": 0.98
        }
      },
      "n_pairs_kept": 4910,
      "n_dropped": 90,
      "at_truth": {
        "ll_tkf_per_pair": -25.844633765321525,
        "ll_ggi_per_pair": -25.83601785622213,
        "delta_ggi_minus_tkf": 0.008615909099393804
      },
      "fit_tkf92": {
        "lam": 0.03816208269515961,
        "mu": 0.03894177126087839,
        "ext": 0.5280824388212851,
        "ll_per_pair": -25.836580918338946
      },
      "fit_ggi": {
        "lam0": 0.018016725124518105,
        "mu0": 0.018388834424733626,
        "x": 0.5737895155869914,
        "y": 0.5198484739968261,
        "rho": 0.9797643889971068,
        "ll_per_pair": -25.83573801353235
      },
      "delta_fit_ggi_minus_tkf": 0.0008429048065963229,
      "wall_seconds": 242.75608277320862
    },
    {
      "label": "grid_lam0.04_ext0.62",
      "truth": {
        "lam": 0.04,
        "mu": 0.04081632653061225,
        "ext": 0.62,
        "t_scale": 1.0,