{
  "cells": [
    {
      "label": "grid_lam0.015_ext0.55",
      "truth": {
        "lam": 0.015,
        "mu": 0.015306122448979591,
        "ext": 0.55,
        "t_scale": 1.0,
        "ggi": {
          "lam0": 0.006749999999999999,
          "mu0": 0.006887755102040816,
          "x": 0.5717106781186548,
          "y": 0.5120552027991183,
          "rho": 0.98
        }
      },
      "n_pairs_kept": 4909,
      "n_dropped": 91,
      "at_truth": {
        "ll_tkf_per_pair": -15.502178822411148,
        "ll_ggi_per_pair": -15.501542047880603,
        "delta_ggi_minus_tkf": 0.0006367745305446704
      },
      "fit_tkf92": {
        "lam": 0.014690818181980557,
        "mu": 0.014975490987307048,
        "ext": 0.534659085376276,
        "ll_per_pair": -15.50049777870406
      },
      "fit_ggi": {
        "lam0": 0.006714321327631956,
        "mu0": 0.00684496560520142,
        "x": 0.569787570122116,
        "y": 0.5100339614083087,
        "rho": 0.9809138153345593,
        "ll_per_pair": -15.500566440639766
      },
      "delta_fit_ggi_minus_tkf": -6.866193570509438e-05,
      "wall_seconds": 493.3621082305908
    },
    {
      "label": "grid_lam0.015_ext0.62",
      "truth": {
        "lam": 0.015,
        "mu": 0.015306122448979591,
        "ext": 0.62,
        "t_scale": 1.0,
        "ggi": {
          "lam0": 0.0057,
          "mu0": 0.005816326530612245,
          "x": 0.62,
          "y": 0.5979379228628721,
          "rho": 0.98
        }
      },
      "n_pairs_kept": 4913,
      "n_dropped": 87,
      "at_truth": {
        "ll_tkf_per_pair": -15.530110509003972,
        "ll_ggi_per_pair": -15.523516086652888,
        "delta_ggi_minus_tkf": 0.006594422351083651
      },
      "fit_tkf92": {
        "lam": 0.01436772064157874,
        "mu": 0.014652069419377002,
        "ext": 0.5905482099425765,
        "ll_per_pair": -15.522752454949512
      },
      "fit_ggi": {
        "lam0": 0.0057701899653449,
        "mu0": 0.0058849669141750665,
        "x": 0.6097805252042292,
        "y": 0.585549101327426,
        "rho": 0.9804965855366655,
        "ll_per_pair": -15.522595123031383
      },
      "delta_fit_ggi_minus_tkf": 0.0001573319181282784,
      "wall_seconds": 290.20689272880554
    },
    {
      "label": "grid_lam0.015_ext0.7",
      "truth": {
        "lam": 0.015,
        "mu": 0.015306122448979591,
        "ext": 0.7,
        "t_scale": 1.0,
        "ggi": {
          "lam0": 0.0045000000000000005,
          "mu0": 0.004591836734693878,
          "x": 0.7,
          "y": 0.6889822365046135,
          "rho": 0.98
        }
      },
      "n_pairs_kept": 4888,
      "n_dropped": 112,
      "at_truth": {
        "ll_tkf_per_pair": -16.522061635318178,
        "ll_ggi_per_pair": -16.51765518479511,
        "delta_ggi_minus_tkf": 0.004406450523067207
      },
      "fit_tkf92": {
        "lam": 0.014773286733610893,
        "mu": 0.0150714326360862,
        "ext": 0.6835832424209456,
        "ll_per_pair": -16.517730260131493
      },
      "fit_ggi": {
        "lam0": 0.004570818817678175,
        "mu0": 0.004663589188717187,
        "x": 0.6959923657352118,
        "y": 0.6847121816190707,
        "rho": 0.9801075164889191,
        "ll_per_pair": -16.51731344594463
      },
      "delta_fit_ggi_minus_tkf": 0.0004168141868632347,
      "wall_seconds": 293.0218303203583
    },
    {
      "label": "grid_lam0.025_ext0.55",
      "truth": {
        "lam": 0.025,
        "mu": 0.025510204081632654,
        "ext": 0.55,
        "t_scale": 1.0,
        "ggi": {
          "lam0": 0.01125,
          "mu0": 0.011479591836734693,
          "x": 0.5717106781186548,
          "y": 0.5120552027991183,
          "rho": 0.98
        }
      },
      "n_pairs_kept": 4896,
      "n_dropped": 104,
      "at_truth": {
        "ll_tkf_per_pair": -19.66983612543258,
        "ll_ggi_per_pair": -19.664059359972228,
        "delta_ggi_minus_tkf": 0.005776765460353772
      },
      "fit_tkf92": {
        "lam": 0.024519574450703484,
        "mu": 0.02501259937232763,
        "ext": 0.5285755050071989,
        "ll_per_pair": -19.66456468110021
      },
      "fit_ggi": {
        "lam0": 0.011240205720843504,
        "mu0": 0.011467809720622883,
        "x": 0.5707138510027416,
        "y": 0.5062792831727438,
        "rho": 0.9801527924403844,
        "ll_per_pair": -19.66397601262722
      },
      "delta_fit_ggi_minus_tkf": 0.0005886684729894398,
      "wall_seconds": 261.267041683197
    },
    {
      "label": "grid_lam0.025_ext0.62",
      "truth": {
        "lam": 0.025,
        "mu": 0.025510204081632654,
        "ext": 0.62,
        "t_scale": 1.0,
        "ggi": {
          "lam0": 0.009500000000000001,
          "mu0": 0.009693877551020408,
          "x": 0.62,
          "y": 0.5979379228628721,
          "rho": 0.98
        }
      },
      "n_pairs_kept": 4892,
      "n_dropped": 108,
      "at_truth": {
        "ll_tkf_per_pair": -21.022187414159063,
        "ll_ggi_per_pair": -21.012383347664535,
        "delta_ggi_minus_tkf": 0.00980406649452803
      },
      "fit_tkf92": {
        "lam": 0.02412835628686402,
        "mu": 0.024602978419761088,
        "ext": 0.5934635034494266,
        "ll_per_pair": -21.012747488952698
      },
      "fit_ggi": {
        "lam0": 0.009504783714227047,
        "mu0": 0.009693171529494855,
        "x": 0.6165924894584309,
        "y": 0.5943830663651153,
        "rho": 0.9805648940912093,
        "ll_per_pair": -21.012035380186266
      },
      "delta_fit_ggi_minus_tkf": 0.0007121087664323511,
      "wall_seconds": 255.80250787734985
    },
    {
      "label": "grid_lam0.025_ext0.7",
      "truth": {
        "lam": 0.025,
        "mu": 0.025510204081632654,
        "ext": 0.7,
        "t_scale": 1.0,
        "ggi": {
          "lam0": 0.0075000000000000015,
          "mu0": 0.0076530612244897975,
          "x": 0.7,
          "y": 0.6889822365046135,
          "rho": 0.98
        }
      },
      "n_pairs_kept": 4886,
      "n_dropped": 114,
      "at_truth": {
        "ll_tkf_per_pair": -21.643082274254915,
        "ll_ggi_per_pair": -21.632771538189548,
        "delta_ggi_minus_tkf": 0.010310736065367365
      },
      "fit_tkf92": {
        "lam": 0.024916038613127654,
        "mu": 0.025438381231882357,
        "ext": 0.683031348961751,
        "ll_per_pair": -21.63310021021436
      },
      "fit_ggi": {
        "lam0": 0.007606446123843575,
        "mu0": 0.007767519499710007,
        "x": 0.7003308933379679,
        "y": 0.6889135569738587,
        "rho": 0.9792632157701766,
        "ll_per_pair": -21.63192480185502
      },
      "delta_fit_ggi_minus_tkf": 0.001175408359337382,
      "wall_seconds": 257.5678963661194
    },
    {
      "label": "grid_lam0.04_ext0.55",
      "truth": {
        "lam": 0.04,
        "mu": 0.04081632653061225,
        "ext": 0.55,
        "t_scale": 1.0,
        "ggi": {
          "lam0": 0.018,
          "mu0": 0.01836734693877551,
          "x": 0.5717106781186548,
          "y": 0.5120552027991183,
          "rho": 0.98
        }
      },
      "n_pairs_kept": 4910,
      "n_dropped": 90,
      "at_truth": {
        "ll_tkf_per_pair": -26.57942822960419,
        "ll_ggi_per_pair": -26.567805406065933,
        "delta_ggi_minus_tkf": 0.011622823538257165
      },
      "fit_tkf92": {
        "lam": 0.039993159166753015,
        "mu": 0.04081052388559117,
        "ext": 0.5283012184300907,
        "ll_per_pair": -26.56852174563794
      },
      "fit_ggi": {
        "lam0": 0.018029051282989993,
        "mu0": 0.0184015531501098,
        "x": 0.5739157764894312,
        "y": 0.5202762152303971,
        "rho": 0.9797570420235108,
        "ll_per_pair": -26.567467824890183
      },
      "delta_fit_ggi_minus_tkf": 0.001053920747757786,
      "wall_seconds": 249.19701504707336
    },
    {
      "label": "grid_lam0.04_ext0.62",
      "truth": {
        "lam": 0.04,
        "mu": 0.04081632653061225,
        "ext": 0.62,
        "t_scale": 1.0,